43	BACK 201	1 Extended - Extended
44	BACK 202	1 Extended - Extended
45	BACK 203	1 Extended - Extended
46	BACK 204	1 Extended - Extended
47	BACK 205	1 Extended - Extended
48	BACK 206	1 Extended - Extended
49	BACK 207	1 Extended - Extended
50	BACK 208	1 Extended - Extended
51	BACK 209	1 Extended - Extended
52	BACK 210	1 Extended - Extended
53	BACK 211	1 Extended - Extended
54	BACK 212	1 Extended - Extended
55	SIDE-L 301	1 Extended - Extended
56	SIDE-L 302	1 Extended - Extended
57	SIDE-L 303	1 Extended - Extended
58	SIDE-L 304	1 Extended - Extended
59	SIDE-L 305	1 Extended - Extended
60	SIDE-L 306	1 Extended - Extended
61	SIDE-R 311	1 Extended - Extended
62	SIDE-R 312	1 Extended - Extended
63	SIDE-R 313	1 Extended - Extended
64	SIDE-R 314	1 Extended - Extended
65	SIDE-R 315	1 Extended - Extended
66	SIDE-R 316	1 Extended - Extended
