Channel,Fixture ID,Instrument Type,GDTF Fixture Mode,Universe,U Address,Absolute Address,GDTF Fixture,DMX Footprint,Fixture Name,Device Type,Position,Unit Number,Layer,Color,UID
1,1,MAC Encore Performance CLD,Basic,1,1,1,Martin Professional@MAC Encore Performance CLD,38,Spot 1,Light,Backtruss,0,Backtruss,"0.312712,0.329008,100.000000",0D492000-4B99-F70B-825C-03E991B0D613
2,2,MAC Encore Performance CLD,Basic,1,39,39,Martin Professional@MAC Encore Performance CLD,38,Spot 2,Light,Backtruss,0,Backtruss,"0.312712,0.329008,100.000000",0D492000-0D85-7857-CDD5-18E491B0D613
3,3,MAC Encore Performance CLD,Basic,1,77,77,Martin Professional@MAC Encore Performance CLD,38,Spot 3,Light,Backtruss,0,Backtruss,"0.312712,0.329008,100.000000",0D492000-6318-933D-184F-30DF91B0D613
4,4,MAC Encore Performance CLD,Basic,1,115,115,Martin Professional@MAC Encore Performance CLD,38,Spot 4,Light,Backtruss,0,Backtruss,"0.312712,0.329008,100.000000",0D492000-CC22-5D1D-63C0-49DA91B0D613
5,5,MAC Encore Performance CLD,Basic,1,153,153,Martin Professional@MAC Encore Performance CLD,38,Spot 5,Light,Backtruss,0,Backtruss,"0.312712,0.329008,100.000000",0D492000-5C61-1222-AE39-61D591B0D613
6,6,MAC Encore Performance CLD,Basic,1,191,191,Martin Professional@MAC Encore Performance CLD,38,Spot 6,Light,Backtruss,0,Backtruss,"0.312712,0.329008,100.000000",0D492000-A3D0-C308-F9B2-7ED091B0D613
7,7,MAC Encore Performance CLD,Basic,1,229,229,Martin Professional@MAC Encore Performance CLD,38,Spot 7,Light,Backtruss,0,Backtruss,"0.312712,0.329008,100.000000",0D492000-8B63-3656-4434-96CB91B0D613
8,8,MAC Encore Performance CLD,Basic,1,267,267,Martin Professional@MAC Encore Performance CLD,38,Spot 8,Light,Backtruss,0,Backtruss,"0.312712,0.329008,100.000000",0D492000-267E-F676-8FAD-AFC691B0D613
41,41,Rush Par 2 RGBW Zoom,5ch,3,1,1025,Martin@Rush Par 2 RGBW Zoom,5,LED Par 41,Light,Backtruss,0,Backtruss,"0.312712,0.329008,100.000000",0D492000-B0A2-7903-0112-AA5A90B0D613
42,42,Rush Par 2 RGBW Zoom,5ch,3,6,1030,Martin@Rush Par 2 RGBW Zoom,5,LED Par 42,Light,Backtruss,0,Backtruss,"0.312712,0.329008,100.000000",0D492000-745E-132C-4C8B-C35590B0D613
43,43,Rush Par 2 RGBW Zoom,5ch,3,11,1035,Martin@Rush Par 2 RGBW Zoom,5,LED Par 43,Light,Backtruss,0,Backtruss,"0.312712,0.329008,100.000000",0D492000-1C49-9F49-970C-DB5090B0D613
44,44,Rush Par 2 RGBW Zoom,5ch,3,16,1040,Martin@Rush Par 2 RGBW Zoom,5,LED Par 44,Light,Backtruss,0,Backtruss,"0.312712,0.329008,100.000000",0D492000-1D2C-C150-E285-F04B90B0D613
45,45,Rush Par 2 RGBW Zoom,5ch,3,21,1045,Martin@Rush Par 2 RGBW Zoom,5,LED Par 45,Light,Backtruss,0,Backtruss,"0.312712,0.329008,100.000000",0D492000-3872-9763-2DFF-094790B0D613
46,46,Rush Par 2 RGBW Zoom,5ch,3,26,1050,Martin@Rush Par 2 RGBW Zoom,5,LED Par 46,Light,Backtruss,0,Backtruss,"0.312712,0.329008,100.000000",0D492000-8977-CD6C-7870-214290B0D613
47,47,Rush Par 2 RGBW Zoom,5ch,3,31,1055,Martin@Rush Par 2 RGBW Zoom,5,LED Par 47,Light,Backtruss,0,Backtruss,"0.312712,0.329008,100.000000",0D492000-1989-C47C-C3E9-3E3D90B0D613
201,201,Led Tile RGB8 Wall,Default,4,1,1537,Generic@Led Tile RGB8 Wall,3,LED Backwall 1,Light,Backtruss,0,Backtruss,"0.312712,0.329008,100.000000",0D492000-AE83-1F4F-85C1-CD1F91B0D613
202,202,Led Tile RGB8 Wall,Default,4,4,1540,Generic@Led Tile RGB8 Wall,3,LED Backwall 2,Light,Backtruss,0,Backtruss,"0.312712,0.329008,100.000000",0D492000-9691-EE36-D03A-E51A91B0D613
203,203,Led Tile RGB8 Wall,Default,4,7,1543,Generic@Led Tile RGB8 Wall,3,LED Backwall 3,Light,Backtruss,0,Backtruss,"0.312712,0.329008,100.000000",0D492000-98E9-054A-1BBC-F21591B0D613
204,204,Led Tile RGB8 Wall,Default,4,10,1546,Generic@Led Tile RGB8 Wall,3,LED Backwall 4,Light,Backtruss,0,Backtruss,"0.312712,0.329008,100.000000",0D492000-BA7D-8F4C-6635-0A1191B0D613
205,205,Led Tile RGB8 Wall,Default,4,13,1549,Generic@Led Tile RGB8 Wall,3,LED Backwall 5,Light,Backtruss,0,Backtruss,"0.312712,0.329008,100.000000",0D492000-9A10-2C76-B1AE-230C91B0D613
206,206,Led Tile RGB8 Wall,Default,4,16,1552,Generic@Led Tile RGB8 Wall,3,LED Backwall 6,Light,Backtruss,0,Backtruss,"0.312712,0.329008,100.000000",0D492000-3EB2-DB4B-FC27-3B0791B0D613
207,207,Led Tile RGB8 Wall,Default,4,19,1555,Generic@Led Tile RGB8 Wall,3,LED Backwall 7,Light,Backtruss,0,Backtruss,"0.312712,0.329008,100.000000",0D492000-10B5-7E4D-4799-500291B0D613
208,208,Led Tile RGB8 Wall,Default,4,22,1558,Generic@Led Tile RGB8 Wall,3,LED Backwall 8,Light,Backtruss,0,Backtruss,"0.312712,0.329008,100.000000",0D492000-22B0-6F0E-9212-68FD91B0D613
209,209,Led Tile RGB8 Wall,Default,4,25,1561,Generic@Led Tile RGB8 Wall,3,LED Backwall 9,Light,Backtruss,0,Backtruss,"0.312712,0.329008,100.000000",0D492000-4929-4A6D-DD8B-81F891B0D613
210,210,Led Tile RGB8 Wall,Default,4,28,1564,Generic@Led Tile RGB8 Wall,3,LED Backwall 10,Light,Backtruss,0,Backtruss,"0.312712,0.329008,100.000000",0D492000-F1E3-925B-280D-99F391B0D613
211,211,Led Tile RGB8 Wall,Default,4,31,1567,Generic@Led Tile RGB8 Wall,3,LED Backwall 11,Light,Backtruss,0,Backtruss,"0.312712,0.329008,100.000000",0D492000-73B7-4B05-7386-B6EE91B0D613
212,212,Led Tile RGB8 Wall,Default,4,34,1570,Generic@Led Tile RGB8 Wall,3,LED Backwall 12,Light,Backtruss,0,Backtruss,"0.312712,0.329008,100.000000",0D492000-9087-5323-BEFF-CFE991B0D613
213,213,Led Tile RGB8 Wall,Default,4,37,1573,Generic@Led Tile RGB8 Wall,3,LED Backwall 13,Light,Backtruss,0,Backtruss,"0.312712,0.329008,100.000000",0D492000-8BE8-5153-0971-E7E491B0D613
214,214,Led Tile RGB8 Wall,Default,4,40,1576,Generic@Led Tile RGB8 Wall,3,LED Backwall 14,Light,Backtruss,0,Backtruss,"0.312712,0.329008,100.000000",0D492000-AB47-A04E-54EA-FCDF92B0D613
215,215,Led Tile RGB8 Wall,Default,4,43,1579,Generic@Led Tile RGB8 Wall,3,LED Backwall 15,Light,Backtruss,0,Backtruss,"0.312712,0.329008,100.000000",0D492000-4F92-CC5E-9F63-14DB92B0D613
216,216,Led Tile RGB8 Wall,Default,4,46,1582,Generic@Led Tile RGB8 Wall,3,LED Backwall 16,Light,Backtruss,0,Backtruss,"0.312712,0.329008,100.000000",0D492000-4FB7-002A-EAE4-2DD692B0D613
217,217,Led Tile RGB8 Wall,Default,4,49,1585,Generic@Led Tile RGB8 Wall,3,LED Backwall 17,Light,Backtruss,0,Backtruss,"0.312712,0.329008,100.000000",0D492000-6234-1F3B-355E-45D192B0D613
218,218,Led Tile RGB8 Wall,Default,4,52,1588,Generic@Led Tile RGB8 Wall,3,LED Backwall 18,Light,Backtruss,0,Backtruss,"0.312712,0.329008,100.000000",0D492000-2D4F-1116-80D7-52CC92B0D613
219,219,Led Tile RGB8 Wall,Default,4,55,1591,Generic@Led Tile RGB8 Wall,3,LED Backwall 19,Light,Backtruss,0,Backtruss,"0.312712,0.329008,100.000000",0D492000-6067-A86B-CB48-6AC792B0D613
220,220,Led Tile RGB8 Wall,Default,4,58,1594,Generic@Led Tile RGB8 Wall,3,LED Backwall 20,Light,Backtruss,0,Backtruss,"0.312712,0.329008,100.000000",0D492000-72D3-6944-16C2-83C292B0D613
221,221,Led Tile RGB8 Wall,Default,4,61,1597,Generic@Led Tile RGB8 Wall,3,LED Backwall 21,Light,Backtruss,0,Backtruss,"0.312712,0.329008,100.000000",0D492000-C1A1-153C-613B-9BBD92B0D613
222,222,Led Tile RGB8 Wall,Default,4,64,1600,Generic@Led Tile RGB8 Wall,3,LED Backwall 22,Light,Backtruss,0,Backtruss,"0.312712,0.329008,100.000000",0D492000-DDB4-583B-ACBC-B0B892B0D613
223,223,Led Tile RGB8 Wall,Default,4,67,1603,Generic@Led Tile RGB8 Wall,3,LED Backwall 23,Light,Backtruss,0,Backtruss,"0.312712,0.329008,100.000000",0D492000-2FFB-5B1F-F735-C8B392B0D613
224,224,Led Tile RGB8 Wall,Default,4,70,1606,Generic@Led Tile RGB8 Wall,3,LED Backwall 24,Light,Backtruss,0,Backtruss,"0.312712,0.329008,100.000000",0D492000-5918-9C19-42AF-E1AE92B0D613
225,225,Led Tile RGB8 Wall,Default,4,73,1609,Generic@Led Tile RGB8 Wall,3,LED Backwall 25,Light,Backtruss,0,Backtruss,"0.312712,0.329008,100.000000",0D492000-0620-352E-8D20-F9A992B0D613
226,226,Led Tile RGB8 Wall,Default,4,76,1612,Generic@Led Tile RGB8 Wall,3,LED Backwall 26,Light,Backtruss,0,Backtruss,"0.312712,0.329008,100.000000",0D492000-E988-0F12-D899-16A592B0D613
227,227,Led Tile RGB8 Wall,Default,4,79,1615,Generic@Led Tile RGB8 Wall,3,LED Backwall 27,Light,Backtruss,0,Backtruss,"0.312712,0.329008,100.000000",0D492000-3463-F715-2313-2EA092B0D613
228,228,Led Tile RGB8 Wall,Default,4,82,1618,Generic@Led Tile RGB8 Wall,3,LED Backwall 28,Light,Backtruss,0,Backtruss,"0.312712,0.329008,100.000000",0D492000-5A04-3965-6E94-479B92B0D613
229,229,Led Tile RGB8 Wall,Default,4,85,1621,Generic@Led Tile RGB8 Wall,3,LED Backwall 29,Light,Backtruss,0,Backtruss,"0.312712,0.329008,100.000000",0D492000-2890-CA79-B90D-5F9692B0D613
230,230,Led Tile RGB8 Wall,Default,4,88,1624,Generic@Led Tile RGB8 Wall,3,LED Backwall 30,Light,Backtruss,0,Backtruss,"0.312712,0.329008,100.000000",0D492000-8DAA-C73C-0487-749193B0D613
231,231,Led Tile RGB8 Wall,Default,4,91,1627,Generic@Led Tile RGB8 Wall,3,LED Backwall 31,Light,Backtruss,0,Backtruss,"0.312712,0.329008,100.000000",0D492000-67B7-3D66-4FF8-8D8C93B0D613
232,232,Led Tile RGB8 Wall,Default,4,94,1630,Generic@Led Tile RGB8 Wall,3,LED Backwall 32,Light,Backtruss,0,Backtruss,"0.312712,0.329008,100.000000",0D492000-3618-F94E-9A71-A58793B0D613
233,233,Led Tile RGB8 Wall,Default,4,97,1633,Generic@Led Tile RGB8 Wall,3,LED Backwall 33,Light,Backtruss,0,Backtruss,"0.312712,0.329008,100.000000",0D492000-C440-C56D-E5EA-B28293B0D613
234,234,Led Tile RGB8 Wall,Default,4,100,1636,Generic@Led Tile RGB8 Wall,3,LED Backwall 34,Light,Backtruss,0,Backtruss,"0.312712,0.329008,100.000000",0D492000-5FA5-522A-306C-CA7D92B0D613
235,235,Led Tile RGB8 Wall,Default,4,103,1639,Generic@Led Tile RGB8 Wall,3,LED Backwall 35,Light,Backtruss,0,Backtruss,"0.312712,0.329008,100.000000",0D492000-1192-9915-7BE5-E37892B0D613
236,236,Led Tile RGB8 Wall,Default,4,106,1642,Generic@Led Tile RGB8 Wall,3,LED Backwall 36,Light,Backtruss,0,Backtruss,"0.312712,0.329008,100.000000",0D492000-3E5D-025A-C65E-FB7392B0D613
237,237,Led Tile RGB8 Wall,Default,4,109,1645,Generic@Led Tile RGB8 Wall,3,LED Backwall 37,Light,Backtruss,0,Backtruss,"0.312712,0.329008,100.000000",0D492000-3E53-1D7C-11D0-106F92B0D613
238,238,Led Tile RGB8 Wall,Default,4,112,1648,Generic@Led Tile RGB8 Wall,3,LED Backwall 38,Light,Backtruss,0,Backtruss,"0.312712,0.329008,100.000000",0D492000-C143-E758-5C49-286A92B0D613
239,239,Led Tile RGB8 Wall,Default,4,115,1651,Generic@Led Tile RGB8 Wall,3,LED Backwall 39,Light,Backtruss,0,Backtruss,"0.312712,0.329008,100.000000",0D492000-8009-8162-A7C2-416592B0D613
240,240,Led Tile RGB8 Wall,Default,4,118,1654,Generic@Led Tile RGB8 Wall,3,LED Backwall 40,Light,Backtruss,0,Backtruss,"0.312712,0.329008,100.000000",0D492000-2780-7863-F23B-596092B0D613
241,241,Led Tile RGB8 Wall,Default,4,121,1657,Generic@Led Tile RGB8 Wall,3,LED Backwall 41,Light,Backtruss,0,Backtruss,"0.312712,0.329008,100.000000",0D492000-132B-693A-3DBD-765B92B0D613
242,242,Led Tile RGB8 Wall,Default,4,124,1660,Generic@Led Tile RGB8 Wall,3,LED Backwall 42,Light,Backtruss,0,Backtruss,"0.312712,0.329008,100.000000",0D492000-53C5-FD61-8836-8E5692B0D613
243,243,Led Tile RGB8 Wall,Default,4,127,1663,Generic@Led Tile RGB8 Wall,3,LED Backwall 43,Light,Backtruss,0,Backtruss,"0.312712,0.329008,100.000000",0D492000-180C-BB0C-D3AF-A75192B0D613
244,244,Led Tile RGB8 Wall,Default,4,130,1666,Generic@Led Tile RGB8 Wall,3,LED Backwall 44,Light,Backtruss,0,Backtruss,"0.312712,0.329008,100.000000",0D492000-7E18-AA17-1E21-BF4C92B0D613
245,245,Led Tile RGB8 Wall,Default,4,133,1669,Generic@Led Tile RGB8 Wall,3,LED Backwall 45,Light,Backtruss,0,Backtruss,"0.312712,0.329008,100.000000",0D492000-5E01-8D36-699A-D4478DB0D613
246,246,Led Tile RGB8 Wall,Default,4,136,1672,Generic@Led Tile RGB8 Wall,3,LED Backwall 46,Light,Backtruss,0,Backtruss,"0.312712,0.329008,100.000000",0D492000-079A-9865-B413-EC428DB0D613
247,247,Led Tile RGB8 Wall,Default,4,139,1675,Generic@Led Tile RGB8 Wall,3,LED Backwall 47,Light,Backtruss,0,Backtruss,"0.312712,0.329008,100.000000",0D492000-6DCB-DB3B-FF94-053E8DB0D613
248,248,Led Tile RGB8 Wall,Default,4,142,1678,Generic@Led Tile RGB8 Wall,3,LED Backwall 48,Light,Backtruss,0,Backtruss,"0.312712,0.329008,100.000000",0D492000-6131-BD6B-4A0E-1D398DB0D613
249,249,Led Tile RGB8 Wall,Default,4,145,1681,Generic@Led Tile RGB8 Wall,3,LED Backwall 49,Light,Backtruss,0,Backtruss,"0.312712,0.329008,100.000000",0D492000-94ED-9A75-9587-2A348DB0D613
250,250,Led Tile RGB8 Wall,Default,4,148,1684,Generic@Led Tile RGB8 Wall,3,LED Backwall 50,Light,Backtruss,0,Backtruss,"0.312712,0.329008,100.000000",0D492000-2D36-932D-E0F8-432F8DB0D613
251,251,Led Tile RGB8 Wall,Default,4,151,1687,Generic@Led Tile RGB8 Wall,3,LED Backwall 51,Light,Backtruss,0,Backtruss,"0.312712,0.329008,100.000000",0D492000-3308-3636-2B72-5B2A8DB0D613
252,252,Led Tile RGB8 Wall,Default,4,154,1690,Generic@Led Tile RGB8 Wall,3,LED Backwall 52,Light,Backtruss,0,Backtruss,"0.312712,0.329008,100.000000",0D492000-368B-9F2B-76EB-70258DB0D613
253,253,Led Tile RGB8 Wall,Default,4,157,1693,Generic@Led Tile RGB8 Wall,3,LED Backwall 53,Light,Backtruss,0,Backtruss,"0.312712,0.329008,100.000000",0D492000-AAE6-DC6E-C16C-88208DB0D613
254,254,Led Tile RGB8 Wall,Default,4,160,1696,Generic@Led Tile RGB8 Wall,3,LED Backwall 54,Light,Backtruss,0,Backtruss,"0.312712,0.329008,100.000000",0D492000-830F-614F-0CE6-A11B8DB0D613
255,255,Led Tile RGB8 Wall,Default,4,163,1699,Generic@Led Tile RGB8 Wall,3,LED Backwall 55,Light,Backtruss,0,Backtruss,"0.312712,0.329008,100.000000",0D492000-2FAF-0C4B-575F-B9168DB0D613
256,256,Led Tile RGB8 Wall,Default,4,166,1702,Generic@Led Tile RGB8 Wall,3,LED Backwall 56,Light,Backtruss,0,Backtruss,"0.312712,0.329008,100.000000",0D492000-1003-E116-A2D0-D6118DB0D613
257,257,Led Tile RGB8 Wall,Default,4,169,1705,Generic@Led Tile RGB8 Wall,3,LED Backwall 57,Light,Backtruss,0,Backtruss,"0.312712,0.329008,100.000000",0D492000-CC9C-815B-ED49-EE0C8DB0D613
258,258,Led Tile RGB8 Wall,Default,4,172,1708,Generic@Led Tile RGB8 Wall,3,LED Backwall 58,Light,Backtruss,0,Backtruss,"0.312712,0.329008,100.000000",0D492000-8416-1367-38C3-07088DB0D613
259,259,Led Tile RGB8 Wall,Default,4,175,1711,Generic@Led Tile RGB8 Wall,3,LED Backwall 59,Light,Backtruss,0,Backtruss,"0.312712,0.329008,100.000000",0D492000-0A03-0B72-8344-1F038DB0D613
260,260,Led Tile RGB8 Wall,Default,4,178,1714,Generic@Led Tile RGB8 Wall,3,LED Backwall 60,Light,Backtruss,0,Backtruss,"0.312712,0.329008,100.000000",0D492000-5429-7B5B-CEBD-34FE8DB0D613
261,261,Led Tile RGB8 Wall,Default,4,181,1717,Generic@Led Tile RGB8 Wall,3,LED Backwall 61,Light,Backtruss,0,Backtruss,"0.312712,0.329008,100.000000",0D492000-F1C5-CB1D-1937-4CF98CB0D613
262,262,Led Tile RGB8 Wall,Default,4,184,1720,Generic@Led Tile RGB8 Wall,3,LED Backwall 62,Light,Backtruss,0,Backtruss,"0.312712,0.329008,100.000000",0D492000-D2BE-5952-64A8-65F48CB0D613
263,263,Led Tile RGB8 Wall,Default,4,187,1723,Generic@Led Tile RGB8 Wall,3,LED Backwall 63,Light,Backtruss,0,Backtruss,"0.312712,0.329008,100.000000",0D492000-2B4D-4520-AF21-7DEF8CB0D613
264,264,Led Tile RGB8 Wall,Default,4,190,1726,Generic@Led Tile RGB8 Wall,3,LED Backwall 64,Light,Backtruss,0,Backtruss,"0.312712,0.329008,100.000000",0D492000-1502-A001-FA9A-8AEA8CB0D613
265,265,Led Tile RGB8 Wall,Default,4,193,1729,Generic@Led Tile RGB8 Wall,3,LED Backwall 65,Light,Backtruss,0,Backtruss,"0.312712,0.329008,100.000000",0D492000-D15F-9B06-451C-A2E58CB0D613
266,266,Led Tile RGB8 Wall,Default,4,196,1732,Generic@Led Tile RGB8 Wall,3,LED Backwall 66,Light,Backtruss,0,Backtruss,"0.312712,0.329008,100.000000",0D492000-9CDB-CF3F-9095-BBE08CB0D613
267,267,Led Tile RGB8 Wall,Default,4,199,1735,Generic@Led Tile RGB8 Wall,3,LED Backwall 67,Light,Backtruss,0,Backtruss,"0.312712,0.329008,100.000000",0D492000-F45B-D365-DB0E-D3DB8CB0D613
268,268,Led Tile RGB8 Wall,Default,4,202,1738,Generic@Led Tile RGB8 Wall,3,LED Backwall 68,Light,Backtruss,0,Backtruss,"0.312712,0.329008,100.000000",0D492000-AFB6-897C-2680-E8D68CB0D613
269,269,Led Tile RGB8 Wall,Default,4,205,1741,Generic@Led Tile RGB8 Wall,3,LED Backwall 69,Light,Backtruss,0,Backtruss,"0.312712,0.329008,100.000000",0D492000-3D23-C61E-71F9-01D28CB0D613
270,270,Led Tile RGB8 Wall,Default,4,208,1744,Generic@Led Tile RGB8 Wall,3,LED Backwall 70,Light,Backtruss,0,Backtruss,"0.312712,0.329008,100.000000",0D492000-D469-454E-BC72-19CD8CB0D613
271,271,Led Tile RGB8 Wall,Default,4,211,1747,Generic@Led Tile RGB8 Wall,3,LED Backwall 71,Light,Backtruss,0,Backtruss,"0.312712,0.329008,100.000000",0D492000-3733-1166-07F4-36C88CB0D613
272,272,Led Tile RGB8 Wall,Default,4,214,1750,Generic@Led Tile RGB8 Wall,3,LED Backwall 72,Light,Backtruss,0,Backtruss,"0.312712,0.329008,100.000000",0D492000-F052-4053-526D-4EC38CB0D613
273,273,Led Tile RGB8 Wall,Default,4,217,1753,Generic@Led Tile RGB8 Wall,3,LED Backwall 73,Light,Backtruss,0,Backtruss,"0.312712,0.329008,100.000000",0D492000-C82A-5236-9DE6-67BE8CB0D613
274,274,Led Tile RGB8 Wall,Default,4,220,1756,Generic@Led Tile RGB8 Wall,3,LED Backwall 74,Light,Backtruss,0,Backtruss,"0.312712,0.329008,100.000000",0D492000-EF3B-BD6C-E85F-7FB98CB0D613
275,275,Led Tile RGB8 Wall,Default,4,223,1759,Generic@Led Tile RGB8 Wall,3,LED Backwall 75,Light,Backtruss,0,Backtruss,"0.312712,0.329008,100.000000",0D492000-8E76-1B61-33D1-94B48FB0D613
276,276,Led Tile RGB8 Wall,Default,4,226,1762,Generic@Led Tile RGB8 Wall,3,LED Backwall 76,Light,Backtruss,0,Backtruss,"0.312712,0.329008,100.000000",0D492000-C637-F066-7E4A-ACAF8FB0D613
277,277,Led Tile RGB8 Wall,Default,4,229,1765,Generic@Led Tile RGB8 Wall,3,LED Backwall 77,Light,Backtruss,0,Backtruss,"0.312712,0.329008,100.000000",0D492000-56DA-2648-C9C3-C5AA8FB0D613
278,278,Led Tile RGB8 Wall,Default,4,232,1768,Generic@Led Tile RGB8 Wall,3,LED Backwall 78,Light,Backtruss,0,Backtruss,"0.312712,0.329008,100.000000",0D492000-5B46-C622-1445-DDA58FB0D613
279,279,Led Tile RGB8 Wall,Default,4,235,1771,Generic@Led Tile RGB8 Wall,3,LED Backwall 79,Light,Backtruss,0,Backtruss,"0.312712,0.329008,100.000000",0D492000-876C-9E48-5FBE-EAA08FB0D613
280,280,Led Tile RGB8 Wall,Default,4,238,1774,Generic@Led Tile RGB8 Wall,3,LED Backwall 80,Light,Backtruss,0,Backtruss,"0.312712,0.329008,100.000000",0D492000-8BC3-D047-AA37-029C8FB0D613
281,281,Led Tile RGB8 Wall,Default,4,241,1777,Generic@Led Tile RGB8 Wall,3,LED Backwall 81,Light,Backtruss,0,Backtruss,"0.312712,0.329008,100.000000",0D492000-2970-4A56-F5A8-1B978FB0D613
282,282,Led Tile RGB8 Wall,Default,4,244,1780,Generic@Led Tile RGB8 Wall,3,LED Backwall 82,Light,Backtruss,0,Backtruss,"0.312712,0.329008,100.000000",0D492000-1B71-A578-4022-33928FB0D613
283,283,Led Tile RGB8 Wall,Default,4,247,1783,Generic@Led Tile RGB8 Wall,3,LED Backwall 83,Light,Backtruss,0,Backtruss,"0.312712,0.329008,100.000000",0D492000-6153-5F69-8B9B-488D8FB0D613
284,284,Led Tile RGB8 Wall,Default,4,250,1786,Generic@Led Tile RGB8 Wall,3,LED Backwall 84,Light,Backtruss,0,Backtruss,"0.312712,0.329008,100.000000",0D492000-3353-363F-D61C-60888FB0D613
285,285,Led Tile RGB8 Wall,Default,4,253,1789,Generic@Led Tile RGB8 Wall,3,LED Backwall 85,Light,Backtruss,0,Backtruss,"0.312712,0.329008,100.000000",0D492000-7E85-374E-2196-79838FB0D613
286,286,Led Tile RGB8 Wall,Default,4,256,1792,Generic@Led Tile RGB8 Wall,3,LED Backwall 86,Light,Backtruss,0,Backtruss,"0.312712,0.329008,100.000000",0D492000-F006-7B3A-6C0F-917E8CB0D613
287,287,Led Tile RGB8 Wall,Default,4,259,1795,Generic@Led Tile RGB8 Wall,3,LED Backwall 87,Light,Backtruss,0,Backtruss,"0.312712,0.329008,100.000000",0D492000-E45A-084C-B780-AE798CB0D613
288,288,Led Tile RGB8 Wall,Default,4,262,1798,Generic@Led Tile RGB8 Wall,3,LED Backwall 88,Light,Backtruss,0,Backtruss,"0.312712,0.329008,100.000000",0D492000-EA1D-A823-02FA-C7748DB0D613
289,289,Led Tile RGB8 Wall,Default,4,265,1801,Generic@Led Tile RGB8 Wall,3,LED Backwall 89,Light,Backtruss,0,Backtruss,"0.312712,0.329008,100.000000",0D492000-D411-7F1B-4D73-DF6F8DB0D613
290,290,Led Tile RGB8 Wall,Default,4,268,1804,Generic@Led Tile RGB8 Wall,3,LED Backwall 90,Light,Backtruss,0,Backtruss,"0.312712,0.329008,100.000000",0D492000-4E62-2438-98F4-F46A8DB0D613
291,291,Led Tile RGB8 Wall,Default,4,271,1807,Generic@Led Tile RGB8 Wall,3,LED Backwall 91,Light,Backtruss,0,Backtruss,"0.312712,0.329008,100.000000",0D492000-9E42-3405-E36D-0C668DB0D613
292,292,Led Tile RGB8 Wall,Default,4,274,1810,Generic@Led Tile RGB8 Wall,3,LED Backwall 92,Light,Backtruss,0,Backtruss,"0.312712,0.329008,100.000000",0D492000-66D3-5B3F-2EE7-25618DB0D613
293,293,Led Tile RGB8 Wall,Default,4,277,1813,Generic@Led Tile RGB8 Wall,3,LED Backwall 93,Light,Backtruss,0,Backtruss,"0.312712,0.329008,100.000000",0D492000-C024-6D14-7958-3D5C8DB0D613
294,294,Led Tile RGB8 Wall,Default,4,280,1816,Generic@Led Tile RGB8 Wall,3,LED Backwall 94,Light,Backtruss,0,Backtruss,"0.312712,0.329008,100.000000",0D492000-6994-6A2F-C4D1-4A578DB0D613
295,295,Led Tile RGB8 Wall,Default,4,283,1819,Generic@Led Tile RGB8 Wall,3,LED Backwall 95,Light,Backtruss,0,Backtruss,"0.312712,0.329008,100.000000",0D492000-DBD9-EC46-0F4B-62528DB0D613
296,296,Led Tile RGB8 Wall,Default,4,286,1822,Generic@Led Tile RGB8 Wall,3,LED Backwall 96,Light,Backtruss,0,Backtruss,"0.312712,0.329008,100.000000",0D492000-7278-1915-5ACC-7B4D8DB0D613
297,297,Led Tile RGB8 Wall,Default,4,289,1825,Generic@Led Tile RGB8 Wall,3,LED Backwall 97,Light,Backtruss,0,Backtruss,"0.312712,0.329008,100.000000",0D492000-A56B-4965-A545-93488DB0D613
298,298,Led Tile RGB8 Wall,Default,4,292,1828,Generic@Led Tile RGB8 Wall,3,LED Backwall 98,Light,Backtruss,0,Backtruss,"0.312712,0.329008,100.000000",0D492000-6F39-AF22-F0BE-A8438DB0D613
299,299,Led Tile RGB8 Wall,Default,4,295,1831,Generic@Led Tile RGB8 Wall,3,LED Backwall 99,Light,Backtruss,0,Backtruss,"0.312712,0.329008,100.000000",0D492000-412B-B20B-3B30-C03E8DB0D613
300,300,Led Tile RGB8 Wall,Default,4,298,1834,Generic@Led Tile RGB8 Wall,3,LED Backwall 100,Light,Backtruss,0,Backtruss,"0.312712,0.329008,100.000000",0D492000-0393-207A-86A9-D9398DB0D613
301,301,LED steps small,Default,2,226,738,Generic@LED steps small,3,LED Step 1,Light,Backtruss,0,Backtruss,"0.312712,0.329008,100.000000",C1036301-5372-1003-3A6A-51DEB55883BB
302,302,LED steps small,Default,2,229,741,Generic@LED steps small,3,LED Step 2,Light,Backtruss,0,Backtruss,"0.312712,0.329008,100.000000",C1036301-365F-1003-77E3-68DBBA5883BB
303,303,LED steps small,Default,2,232,744,Generic@LED steps small,3,LED Step 3,Light,Backtruss,0,Backtruss,"0.312712,0.329008,100.000000",C1036301-BB28-1003-C078-8027BA5883BB
304,304,LED steps small,Default,2,235,747,Generic@LED steps small,3,LED Step 4,Light,Backtruss,0,Backtruss,"0.312712,0.329008,100.000000",C1036301-0139-1003-1DF6-9F20BA5883BB
305,305,LED steps small,Default,2,238,750,Generic@LED steps small,3,LED Step 5,Light,Backtruss,0,Backtruss,"0.312712,0.329008,100.000000",C1036301-7967-1003-564F-B72DBB5883BB
306,306,LED steps small,Default,2,241,753,Generic@LED steps small,3,LED Step 6,Light,Backtruss,0,Backtruss,"0.312712,0.329008,100.000000",C1036301-857C-1003-A3C4-CE36BC5883BB
307,307,LED steps small,Default,2,244,756,Generic@LED steps small,3,LED Step 7,Light,Backtruss,0,Backtruss,"0.312712,0.329008,100.000000",C1036301-474A-1003-FC5D-E633BC5883BB
308,308,LED steps small,Default,2,247,759,Generic@LED steps small,3,LED Step 8,Light,Backtruss,0,Backtruss,"0.312712,0.329008,100.000000",C1036301-9E03-1003-49DB-FD3CBD5883BB
309,309,LED steps small,Default,2,250,762,Generic@LED steps small,3,LED Step 9,Light,Backtruss,0,Backtruss,"0.312712,0.329008,100.000000",C1036301-2678-1003-8250-1539BE5883BB
310,310,LED steps small,Default,2,253,765,Generic@LED steps small,3,LED Step 10,Light,Backtruss,0,Backtruss,"0.312712,0.329008,100.000000",C1036301-264F-1003-DFA9-2C02C05883BB
311,311,LED steps small,Default,2,256,768,Generic@LED steps small,3,LED Step 11,Light,Backtruss,0,Backtruss,"0.312712,0.329008,100.000000",C1036301-6C54-1003-2827-440FC05883BB
312,312,LED steps small,Default,2,259,771,Generic@LED steps small,3,LED Step 12,Light,Backtruss,0,Backtruss,"0.312712,0.329008,100.000000",C1036301-3E33-1003-65BC-5308C15883BB
313,313,LED steps small,Default,2,262,774,Generic@LED steps small,3,LED Step 13,Light,Backtruss,0,Backtruss,"0.312712,0.329008,100.000000",C1036301-3C14-1003-BE35-6B15C25883BB
314,314,LED steps small,Default,2,265,777,Generic@LED steps small,3,LED Step 14,Light,Backtruss,0,Backtruss,"0.312712,0.329008,100.000000",C1036301-641E-1003-0BB3-8211C35883BB
315,315,LED steps small,Default,2,268,780,Generic@LED steps small,3,LED Step 15,Light,Backtruss,0,Backtruss,"0.312712,0.329008,100.000000",C1036301-713B-1003-4408-9A1AC45883BB
316,316,LED steps small,Default,2,271,783,Generic@LED steps small,3,LED Step 16,Light,Backtruss,0,Backtruss,"0.312712,0.329008,100.000000",C1036301-0C07-1003-9181-B167C55883BB
317,317,LED steps small,Default,2,274,786,Generic@LED steps small,3,LED Step 17,Light,Backtruss,0,Backtruss,"0.312712,0.329008,100.000000",C1036301-EB00-1003-EA1E-C960C55883BB
318,318,LED steps small,Default,2,277,789,Generic@LED steps small,3,LED Step 18,Light,Backtruss,0,Backtruss,"0.312712,0.329008,100.000000",C1036301-506B-1003-2794-E06DC65883BB
319,319,LED steps small,Default,2,280,792,Generic@LED steps small,3,LED Step 19,Light,Backtruss,0,Backtruss,"0.312712,0.329008,100.000000",C1036301-DB2C-1003-70ED-FF76C65883BB
320,320,LED steps small,Default,2,283,795,Generic@LED steps small,3,LED Step 20,Light,Backtruss,0,Backtruss,"0.312712,0.329008,100.000000",C1036301-E91A-1003-CD6A-1773C65883BB
321,321,LED steps small,Default,2,286,798,Generic@LED steps small,3,LED Step 21,Light,Backtruss,0,Backtruss,"0.312712,0.329008,100.000000",C1036301-4E15-1003-06E0-2E7CC75883BB
322,322,LED steps small,Default,2,289,801,Generic@LED steps small,3,LED Step 22,Light,Backtruss,0,Backtruss,"0.312712,0.329008,100.000000",C1036301-F314-1003-5379-4679C85883BB
323,323,LED steps small,Default,2,292,804,Generic@LED steps small,3,LED Step 23,Light,Backtruss,0,Backtruss,"0.312712,0.329008,100.000000",C1036301-8925-1003-ACF6-5D42C85883BB
324,324,LED steps small,Default,2,295,807,Generic@LED steps small,3,LED Step 24,Light,Backtruss,0,Backtruss,"0.312712,0.329008,100.000000",C1036301-DA51-1003-F94F-754FC85883BB
325,325,LED steps small,Default,2,298,810,Generic@LED steps small,3,LED Step 25,Light,Backtruss,0,Backtruss,"0.312712,0.329008,100.000000",C1036301-CB5C-1003-32C5-8C4BC95883BB
326,326,LED steps small,Default,2,301,813,Generic@LED steps small,3,LED Step 26,Light,Backtruss,0,Backtruss,"0.312712,0.329008,100.000000",C1036301-D158-1003-8F42-A454C95883BB
327,327,LED steps small,Default,2,304,816,Generic@LED steps small,3,LED Step 27,Light,Backtruss,0,Backtruss,"0.312712,0.329008,100.000000",C1036301-6058-1003-D8DB-B351C95883BB
328,328,LED steps small,Default,2,307,819,Generic@LED steps small,3,LED Step 28,Light,Backtruss,0,Backtruss,"0.312712,0.329008,100.000000",C1036301-9000-1003-1551-CB5ACA5883BB
329,329,LED steps small,Default,2,310,822,Generic@LED steps small,3,LED Step 29,Light,Backtruss,0,Backtruss,"0.312712,0.329008,100.000000",C1036301-0941-1003-6EAE-E2A7CA5883BB
330,330,LED steps small,Default,2,313,825,Generic@LED steps small,3,LED Step 30,Light,Backtruss,0,Backtruss,"0.312712,0.329008,100.000000",C1036301-642C-1003-BB27-FAA0CB5883BB
331,331,LED steps small,Default,2,316,828,Generic@LED steps small,3,LED Step 31,Light,Backtruss,0,Backtruss,"0.312712,0.329008,100.000000",C1036301-C538-1003-F4BC-11ADCB5883BB
332,332,LED steps small,Default,2,319,831,Generic@LED steps small,3,LED Step 32,Light,Backtruss,0,Backtruss,"0.312712,0.329008,100.000000",C1036301-9A12-1003-413A-29B6CC5883BB
333,333,LED steps small,Default,2,322,834,Generic@LED steps small,3,LED Step 33,Light,Backtruss,0,Backtruss,"0.312712,0.329008,100.000000",C1036301-1F58-1003-9AB3-40B3CC5883BB
334,334,LED steps small,Default,2,325,837,Generic@LED steps small,3,LED Step 34,Light,Backtruss,0,Backtruss,"0.312712,0.329008,100.000000",C1036301-9471-1003-D708-58BCCD5883BB
335,335,LED steps small,Default,2,328,840,Generic@LED steps small,3,LED Step 35,Light,Backtruss,0,Backtruss,"0.312712,0.329008,100.000000",C1036301-6C73-1003-2086-77B9CD5883BB
336,336,LED steps small,Default,2,331,843,Generic@LED steps small,3,LED Step 36,Light,Backtruss,0,Backtruss,"0.312712,0.329008,100.000000",C1036301-5C57-1003-7D1F-8F85CE5883BB
337,337,LED steps small,Default,2,334,846,Generic@LED steps small,3,LED Step 37,Light,Backtruss,0,Backtruss,"0.312712,0.329008,100.000000",C1036301-7133-1003-B694-A68ECE5883BB
338,338,LED steps small,Default,2,337,849,Generic@LED steps small,3,LED Step 38,Light,Backtruss,0,Backtruss,"0.312712,0.329008,100.000000",C1036301-C865-1003-0312-BE8BCE5883BB
339,339,LED steps small,Default,2,340,852,Generic@LED steps small,3,LED Step 39,Light,Backtruss,0,Backtruss,"0.312712,0.329008,100.000000",C1036301-D448-1003-5C6B-D594CF5883BB
340,340,LED steps small,Default,2,343,855,Generic@LED steps small,3,LED Step 40,Light,Backtruss,0,Backtruss,"0.312712,0.329008,100.000000",C1036301-8D6F-1003-A9E0-EC91D05883BB
9,9,MAC Encore Performance CLD,Basic,1,305,305,Martin Professional@MAC Encore Performance CLD,38,Spot 9,Light,Midtruss,0,Midtruss,"0.312712,0.329008,100.000000",0D492000-5EF8-8534-DA26-C7C191B0D613
10,10,MAC Encore Performance CLD,Basic,1,343,343,Martin Professional@MAC Encore Performance CLD,38,Spot 10,Light,Midtruss,0,Midtruss,"0.312712,0.329008,100.000000",0D492000-D9D3-EF47-2598-DCBC91B0D613
11,11,MAC Encore Performance CLD,Basic,1,381,381,Martin Professional@MAC Encore Performance CLD,38,Spot 11,Light,Midtruss,0,Midtruss,"0.312712,0.329008,100.000000",0D492000-6E84-445B-7011-F4B791B0D613
12,12,MAC Encore Performance CLD,Basic,1,419,419,Martin Professional@MAC Encore Performance CLD,38,Spot 12,Light,Midtruss,0,Midtruss,"0.312712,0.329008,100.000000",0D492000-3D4A-1E0C-BB8A-0DB391B0D613
13,13,MAC Encore Performance CLD,Basic,1,457,457,Martin Professional@MAC Encore Performance CLD,38,Spot 13,Light,Midtruss,0,Midtruss,"0.312712,0.329008,100.000000",0D492000-CA3E-0149-060C-25AE91B0D613
21,21,Mac Aura XB,Standard (14 ch),2,1,513,Martin@Mac Aura XB,14,Wash 21,Light,Floor,0,Floor,"0.312712,0.329008,100.000000",0D492000-ACF5-8007-5185-32A991B0D613
22,22,Mac Aura XB,Standard (14 ch),2,15,527,Martin@Mac Aura XB,14,Wash 22,Light,Floor,0,Floor,"0.312712,0.329008,100.000000",0D492000-A47A-2E39-9CFE-4BA490B0D613
23,23,Mac Aura XB,Standard (14 ch),2,29,541,Martin@Mac Aura XB,14,Wash 23,Light,Floor,0,Floor,"0.312712,0.329008,100.000000",0D492000-C6CC-A607-E777-639F90B0D613
24,24,Mac Aura XB,Standard (14 ch),2,43,555,Martin@Mac Aura XB,14,Wash 24,Light,Floor,0,Floor,"0.312712,0.329008,100.000000",0D492000-3633-DE06-32E9-789A90B0D613
25,25,Mac Aura XB,Standard (14 ch),2,57,569,Martin@Mac Aura XB,14,Wash 25,Light,Floor,0,Floor,"0.312712,0.329008,100.000000",0D492000-E79B-521E-7D62-909590B0D613
26,26,Mac Aura XB,Standard (14 ch),2,71,583,Martin@Mac Aura XB,14,Wash 26,Light,Floor,0,Floor,"0.312712,0.329008,100.000000",0D492000-EB72-9F1B-C8DB-A99090B0D613
27,27,Mac Aura XB,Standard (14 ch),2,85,597,Martin@Mac Aura XB,14,Wash 27,Light,Floor,0,Floor,"0.312712,0.329008,100.000000",0D492000-0132-0314-135D-C18B90B0D613
28,28,Mac Aura XB,Standard (14 ch),2,99,611,Martin@Mac Aura XB,14,Wash 28,Light,Floor,0,Floor,"0.312712,0.329008,100.000000",0D492000-F1FA-CC7C-5ED6-DE8690B0D613
31,31,Mac Aura XB,Standard (14 ch),2,113,625,Martin@Mac Aura XB,14,Wash 29,Light,Sidetruss,0,Sidetruss,"0.312712,0.329008,100.000000",0D492000-E752-F83F-A94F-F68190B0D613
32,32,Mac Aura XB,Standard (14 ch),2,127,639,Martin@Mac Aura XB,14,Wash 30,Light,Sidetruss,0,Sidetruss,"0.312712,0.329008,100.000000",0D492000-7901-AE71-F4C0-0F7D97B0D613
33,33,Mac Aura XB,Standard (14 ch),2,141,653,Martin@Mac Aura XB,14,Wash 31,Light,Sidetruss,0,Sidetruss,"0.312712,0.329008,100.000000",0D492000-9894-4543-3F3A-277897B0D613
34,34,Mac Aura XB,Standard (14 ch),2,155,667,Martin@Mac Aura XB,14,Wash 32,Light,Sidetruss,0,Sidetruss,"0.312712,0.329008,100.000000",0D492000-1F16-8835-8AB3-3C7397B0D613
35,35,Mac Aura XB,Standard (14 ch),2,169,681,Martin@Mac Aura XB,14,Wash 33,Light,Sidetruss,0,Sidetruss,"0.312712,0.329008,100.000000",0D492000-64C2-DF50-D534-546E97B0D613
36,36,Mac Aura XB,Standard (14 ch),2,183,695,Martin@Mac Aura XB,14,Wash 34,Light,Sidetruss,0,Sidetruss,"0.312712,0.329008,100.000000",0D492000-17E8-4F72-20AE-6D6997B0D613
37,37,Mac Aura XB,Standard (14 ch),2,197,709,Martin@Mac Aura XB,14,Wash 35,Light,Sidetruss,0,Sidetruss,"0.312712,0.329008,100.000000",0D492000-3DB1-3531-6B27-856490B0D613
38,38,Mac Aura XB,Standard (14 ch),2,211,723,Martin@Mac Aura XB,14,Wash 36,Light,Sidetruss,0,Sidetruss,"0.312712,0.329008,100.000000",0D492000-71B4-B847-B698-925F90B0D613
